ind,f_1,f_2,f_3,f_4,t_1,t_2
0,1.4092184368737501,1.95410821643287,2.86773547094188,7.8116232464929904,1504.17562070125,501.56301628146304
1,1.38256513026052,2.0062124248497,1.5450901803607198,8.12424849699399,1240.53049970837,377.163157523805
2,1.62244488977956,1.3861723446893799,1.1923847695390801,7.35470941883768,1385.1911551278,457.404772476939
3,1.78617234468938,1.59198396793587,2.35070140280561,4.32464929859719,1602.8419746425302,1429.7951447723099
4,1.9955911823647299,2.0244488977955903,1.2084168336673302,6.9939879759519,1326.29097868091,514.00914277282
5,1.287374749499,1.6310621242485,1.1482965931863702,4.52905811623247,1508.05446106597,984.5554080004331
6,1.2949899799599198,0.805210420841683,2.54308617234469,7.75150300601202,1446.6431332801099,489.292811677452
7,1.4739478957915801,0.8182364729458921,2.12224448897796,6.39278557114228,1696.78343205478,712.2167120247211
8,0.887575150300601,1.3679358717434902,2.7354709418837704,5.40681362725451,1777.5281995596697,1136.52610087189
9,1.80140280561122,1.06052104208417,1.01603206412826,7.60721442885772,1211.92139520425,393.32886639007995
10,2.48296593186373,1.38877755511022,2.32264529058116,9.55511022044088,1460.8550681806198,356.262928609714
11,0.830460921843687,1.3366733466933898,1.91783567134269,8.83366733466934,1489.4696109286701,411.773192636546
12,1.1997995991983998,1.3627254509018,2.14228456913828,6.705410821643291,1666.9455877431399,663.090353481825
13,1.45110220440882,1.01623246492986,2.8837675350701404,5.92384769539078,1671.5772242860198,835.921937623154
14,1.53867735470942,1.5997995991983998,1.18837675350701,9.45891783567134,1187.33273402737,314.25019630119704
15,1.2188376753507,1.44609218436874,2.0060120240481,9.66332665330661,1604.38168118203,392.511249178683
16,2.2811623246492996,1.01102204408818,1.76953907815631,4.13226452905812,1669.88387947151,1323.17223046267
17,2.3725450901803598,1.34448897795591,1.06012024048096,6.0921843687374695,1313.26260641497,534.244474697338
18,1.11603206412826,1.85250501002004,2.0701402805611204,4.01202404809619,1773.75616422215,1589.7048203135
19,2.0450901803607198,0.995390781563126,2.64729458917836,4.18036072144289,1779.31700399425,1666.4856242217402
20,2.14028056112224,1.20380761523046,2.4989979959919797,9.65130260521042,1390.6013383719,326.94045369709596
21,1.5691382765531101,1.9931863727454902,2.01803607214429,8.31663326653307,1618.77895379529,508.784315291738
22,1.8585170340681398,2.05831663326653,1.8577154308617199,6.825651302605211,1554.92965947615,582.658467037553
23,1.93847695390782,1.2376753507014,1.69338677354709,9.13426853707415,1405.64329992857,374.18722828473
24,1.6681362725450901,2.09739478957916,2.11022044088176,5.394789579158321,1754.99055861612,968.263734367615
25,1.9689378757515001,1.9749498997996002,1.55711422845691,5.87575150300601,1474.67720865335,664.820270023472
26,2.4182364729458903,1.8889779559118198,1.0921843687374801,4.75751503006012,1484.11386457884,847.598996078497
27,2.00701402805611,1.2324649298597201,2.92384769539078,9.098196392785571,1523.6717209426802,414.97650314375505
28,1.08557114228457,2.03486973947896,1.3527054108216399,4.82965931863727,1689.1758811773902,1000.75477850666
29,2.20120240480962,1.2064128256513,1.1002004008016,9.19438877755511,1087.4367903920802,295.397256427331
30,2.16312625250501,1.1751503006012,2.6232464929859702,5.310621242484969,1678.50118710103,1033.60113302907
31,2.4372745490982,1.37314629258517,2.9038076152304604,6.86172344689379,1614.4173772273998,652.9688309090931
32,1.3939879759518998,2.07134268537074,1.85370741482966,7.030060120240481,1506.92699935719,555.9146851985649
33,0.933266533066132,0.9563126252505011,2.4468937875751497,7.23446893787575,1369.5417638994802,501.134790798832
34,2.52104208416834,1.21422845691383,2.7755511022044104,9.42284569138276,1413.15000167245,336.22011300302
35,2.09458917835671,1.84468937875752,1.08016032064128,5.83967935871744,1361.3429940106098,589.4322377538559
36,1.47775551102204,1.16993987975952,1.70140280561122,9.639278557114231,1396.18236653031,343.916489607605
37,2.57815631262525,1.9228456913827698,2.4148296593186402,6.76553106212425,1447.3739509834697,540.7753362586969
38,1.4320641282565099,1.4851703406813601,2.46693386773547,5.0460921843687405,1586.6391497942402,978.136552297168
39,1.4168336673346698,1.06573146292585,2.7314629258517003,4.300601202404811,1749.71816858148,1697.9344623623901
40,1.49679358717435,1.64929859719439,1.21643286573146,7.9919839679358695,1303.66036346875,418.411672584029
41,1.77855711422846,1.46693386773547,1.46092184368737,8.66533066132265,1460.4812564201002,435.676420262232
42,1.9803607214428898,2.0166332665330704,2.5310621242485,9.00200400801603,1420.7985327384802,376.71097024230596
43,0.860921843687375,1.7404809619238502,1.6372745490982,6.1282565130260505,1529.75968975131,657.619567978427
44,2.50961923847695,1.62064128256513,1.96192384769539,9.14629258517034,1552.74552269894,415.067355810207
45,1.31402805611222,1.4747494989980001,1.5691382765531101,8.8937875751503,1261.5462529822698,339.343649634257
46,2.3192384769539105,1.1933867735470902,1.6452905811623202,7.12625250501002,1374.75116749786,519.42431087767
47,0.8533066132264531,1.82384769539078,1.28056112224449,9.0501002004008,1233.37000037249,328.511934248994
48,1.94609218436874,2.04268537074148,1.99799599198397,9.21843687374749,1596.07431775008,420.39928466275904
49,1.09318637274549,0.849498997995992,2.11823647294589,8.29258517034068,1576.14973864874,458.09608792545504
50,1.2645290581162298,1.80561122244489,2.37875751503006,8.7374749498998,1319.20787605938,343.502661251032
51,2.01082164328657,1.0344689378757501,1.6893787575150299,6.41683366733467,1518.26851602857,656.940090814957
52,2.28496993987976,1.4565130260521,1.93386773547094,6.74148296593186,1629.85522320992,642.5656218582401
53,2.0831663326653302,0.914629258517034,2.08617234468938,8.08817635270541,1535.29009806268,459.39129942323405
54,1.3064128256513001,1.82905811623247,1.03607214428858,8.94188376753507,1084.47129050687,322.18727706996003
55,1.0627254509018,1.3549098196392801,1.08817635270541,5.29859719438878,1440.71450372095,701.2936615176801
56,1.1008016032064099,2.07394789579158,2.11422845691383,5.082164328657309,1779.65422521687,1088.13164228135
57,1.61482965931864,1.8863727454909798,2.12625250501002,4.34869739478958,1709.8763372772,1426.7508867459198
58,1.32925851703407,1.36012024048096,1.10821643286573,8.40080160320641,1141.90772686712,338.421614898223
59,2.55150300601202,1.66492985971944,1.38476953907816,4.50501002004008,1701.87448430672,1174.45972704648
60,1.52344689378758,1.26633266533066,2.18236472945892,7.67935871743487,1320.36350534894,442.115722392127
61,1.00941883767535,1.7561122244489,2.83567134268537,7.9078156312625305,1479.25335611229,480.740142037834
62,1.3216432865731498,0.823446893787575,1.8937875751503,4.961923847695389,1736.35056105781,1092.07200991017
63,1.02464929859719,2.03226452905812,2.65130260521042,8.64128256513026,1533.07553764738,455.851457681296
64,1.6414829659318602,1.5034068136272498,1.66132264529058,9.96392785571142,1340.1924404805,310.698922325132
65,2.0565130260521,1.4513026052104199,1.32064128256513,9.687374749499,1260.21883548245,308.195877401493
66,1.36352705410822,1.0501002004008002,2.44288577154309,6.693386773547091,1480.38726602785,563.4257419825769
67,0.9903807615230459,1.26372745490982,1.1362725450901798,9.24248496993988,1131.35664771877,308.184953848656
68,1.99939879759519,1.24809619238477,2.86372745490982,7.54709418837675,1498.87869840199,530.047923765964
69,1.7328657314629299,1.12825651302605,2.57915831663327,8.19639278557114,1463.1653664454998,458.456862102684
70,0.898997995991984,1.76392785571142,1.26052104208417,4.7935871743487,1606.01380535177,907.459336131415
71,2.25450901803607,1.70661322645291,2.9318637274549104,6.88577154308617,1641.3125042718,661.616866088708
72,0.8685370741482971,1.6961923847695402,1.31663326653307,7.2464929859719405,1339.0204100481901,478.340756604783
73,0.9066132264529059,1.1907815631262502,2.7515030060120202,7.883767535070139,1630.52116145418,590.1443466556659
74,2.13647294589178,0.8807615230460921,1.8376753507014,5.27454909819639,1675.82654744081,911.1980793483659
75,2.02224448897796,0.935470941883768,2.8717434869739504,8.06412825651303,1504.2254350953601,477.004613389839
76,2.5895791583166297,1.74829659318637,2.05410821643287,7.667334669338679,1507.8105093009399,481.424712960831
77,1.1541082164328702,1.68837675350701,1.59719438877756,4.16833667334669,1625.0763131839801,1277.71673242768
78,1.59959919839679,1.72224448897796,1.6773547094188401,4.37274549098196,1645.01836834677,1263.3751600168303
79,1.3597194388777598,1.4356713426853702,2.6713426853707403,6.30861723446894,1680.77160021266,786.0755067883
80,2.6238476953907797,0.948496993987976,2.70741482965932,8.48496993987976,1587.35510234085,498.155198447828
81,0.8266533066132259,1.78476953907816,2.5591182364729503,6.48897795591182,1564.30923140042,673.164656849815
82,1.7062124248497,0.8260521042084169,1.63326653306613,5.77955911823647,1562.68240682956,735.362880921326
83,1.70240480961924,0.857314629258517,2.5671342685370697,6.332665330661321,1592.0716028209301,713.9395501848219
84,2.26973947895792,1.97234468937876,1.7535070140280602,8.4248496993988,1318.00249012655,370.640768094951
85,2.49819639278557,1.93847695390782,1.38877755511022,9.386773547094188,1382.2396701577302,352.443936947238
86,2.33446893787575,1.86553106212425,1.8456913827655301,9.87975951903808,1402.87293868487,311.330410056399
87,1.48156312625251,2.01402805611222,1.72144288577154,9.43486973947896,1438.66369236507,369.086033784245
88,2.46012024048096,1.57374749498998,1.56513026052104,9.987975951903811,1237.2438341717,277.80622105042596
89,1.2531062124248502,1.1959919839679398,2.53907815631263,5.503006012024049,1614.80028735733,893.073949590354
90,2.06032064128257,1.34188376753507,2.93987975951904,6.06813627254509,1709.5982741106197,848.1734479688361
91,1.09699398797595,1.35230460921844,1.33266533066132,4.07214428857715,1675.0130622896302,1350.67092244226
92,1.9270541082164299,1.65711422845691,2.59118236472946,8.50901803607214,1477.45734872913,439.563549485256
93,2.5248496993988,1.51382765531062,2.5871743486974,4.45691382765531,1619.4280506617902,1379.74570899026
94,2.60861723446894,1.91763527054108,1.9138276553106202,6.45290581162325,1618.19680103759,705.432084838474
95,1.60721442885772,1.00841683366733,2.25851703406814,4.09619238476954,1631.9805238479,1478.9068491712899
96,2.42204408817635,2.0270541082164297,2.21442885771543,9.27855711422846,1343.10274867496,333.3986244096
97,2.17074148296593,1.67274549098196,2.3867735470941898,5.0100200400801596,1503.9043253045402,925.754525461456
98,0.838076152304609,1.47995991983968,2.6312625250501003,8.37675350701403,1517.62290706452,469.026780317959
99,1.14649298597194,1.41482965931864,1.0040080160320601,6.90981963927856,1213.89362716141,443.19679029842905
100,2.3763527054108198,2.09218436873748,1.312625250501,8.16032064128257,1324.2651819370699,399.301482870199
101,2.36492985971944,1.06312625250501,1.2204408817635302,4.240480961923851,1600.9209371163502,1244.01046488514
102,0.8647294589178359,1.8186372745491002,2.1623246492986,5.599198396793589,1473.4158025505499,752.524276672096
103,2.44108216432866,0.8677354709418841,2.06613226452906,6.20040080160321,1667.4219815615302,725.099418348629
104,1.4853707414829702,0.8755511022044091,1.27254509018036,8.05210420841683,1282.44855379721,381.543847563887
105,2.19739478957916,0.813026052104208,1.4288577154308602,6.08016032064128,1685.58039334474,750.1515244059351
106,1.6338677354709399,1.48256513026052,2.51503006012024,7.306613226452909,1399.41725706586,530.3085633384729
107,2.32685370741483,1.18296593186373,1.9298597194388798,5.563126252505009,1743.35918053642,916.785060935473
108,1.1655310621242498,1.74569138276553,1.50501002004008,8.34068136272545,1195.8429180405901,342.315327166291
109,2.65811623246493,1.8342685370741498,1.8697394789579198,4.8897795591182405,1718.3117421034801,1091.33429598688
110,2.09078156312625,1.84729458917836,1.3486973947895802,8.00400801603206,1367.31158845398,424.24252148332
111,1.05891783567134,1.56332665330661,1.24849699398798,9.59118236472946,1185.03731231792,285.097100263569
112,2.17454909819639,1.8577154308617199,2.51102204408818,5.995991983967941,1583.1818234855898,747.2244270418599
113,0.956112224448898,1.5372745490981998,2.8116232464929904,6.7535070140280595,1550.1468149587,617.505845129435
114,2.66573146292585,1.61282565130261,2.67535070140281,7.10220440881764,1500.59207909196,649.603312969543
115,1.9308617234468899,1.2767535070140301,1.98997995991984,6.24849699398798,1763.38470729184,825.542227278967
116,1.774749498998,1.04228456913828,1.04809619238477,4.76953907815631,1433.5811449605499,801.7642509409579
117,1.0703406813627299,0.917234468937876,2.3627254509017996,9.57915831663327,1462.1897347229,369.976126288978
118,2.07935871743487,1.7691382765531103,1.50100200400802,4.03607214428858,1527.22118634005,1191.9070329762899
119,2.04128256513026,2.0088176352705402,1.5250501002003998,9.446893787575151,1185.17274250131,294.531011064985
120,1.8623246492985999,2.00360721442886,1.7294589178356699,4.57715430861724,1699.85571712208,1247.03996213142
121,1.11983967935872,1.1543086172344699,2.9919839679358704,5.0701402805611195,1776.91443023052,1244.69408463159
122,1.71002004008016,1.11783567134269,1.45691382765531,5.49098196392786,1773.1020533201001,931.834064072342
123,2.66192384769539,1.24288577154309,1.5090180360721401,8.2685370741483,1213.5167022104301,355.667815797091
124,2.18216432865731,1.08396793587174,2.48697394789579,8.14829659318637,1407.38556470504,428.95800620993697
125,0.910420841683367,1.21683366733467,1.24048096192385,7.72745490981964,1389.9197610508802,441.659890322714
126,1.24549098196393,1.1100200400801599,2.09018036072144,5.683366733466929,1722.94780570002,858.6334667593269
127,0.9256513026052099,1.4929859719438898,1.52905811623247,5.094188376753509,1552.41115347397,832.594472124709
128,0.8418837675350699,1.76653306613226,2.63527054108216,9.158316633266528,1525.90818363432,407.009325703529
129,0.959919839679359,2.0010020040080203,2.1302605210420804,6.87374749498998,1663.1302323169,612.409761314418
130,1.81282565130261,1.7170340681362701,2.9438877755511004,7.655310621242481,1560.09577821673,565.364461156783
131,1.1312625250501,0.969338677354709,2.8997995991983996,7.438877755511019,1526.85291609428,570.620518055044
132,2.0755511022044097,1.2298597194388798,1.36472945891784,8.07615230460922,1378.83807251806,425.832402906163
133,1.80901803607214,1.3991983967935901,2.3386773547094197,8.653306613226452,1448.7437468129,427.87544406824503
134,1.48917835671343,1.00581162324649,1.74549098196393,8.2565130260521,1324.2006507674198,379.86654128262296
135,1.83947895791583,1.425250501002,1.5410821643286599,5.17835671342685,1568.3915482678199,826.01461190492
136,1.74809619238477,0.8,1.9819639278557102,8.84569138276553,1581.1722670568302,443.916233019004
137,1.8661322645290601,1.90981963927856,2.95591182364729,6.356713426853711,1689.7289833994698,785.7925736420231
138,2.1060120240481,1.9567134268537099,1.08416833667335,9.02605210420842,1067.50510952645,297.813333754209
139,2.17835671342685,1.8420841683366698,1.9939879759519,6.9338677354709395,1647.08488311964,669.53544820075
140,2.6505010020040096,1.00060120240481,1.9418837675350702,4.99799599198397,1797.12824473757,1156.05007929109
141,1.34448897795591,1.9462925851703399,2.20240480961924,6.116232464929861,1496.85429680639,657.372179315194
142,0.982765531062124,1.96452905811623,1.7134268537074098,9.06212424849699,1424.0475231764801,384.67259320180494
143,1.8356713426853701,2.06613226452906,2.72344689378758,7.535070140280559,1591.0047732984501,618.0351568008471
144,2.3002004008016,1.07615230460922,1.6853707414829702,8.43687374749499,1381.0505194314499,410.64036611374803
145,1.29118236472946,1.787374749499,1.4849699398797602,9.83166332665331,1147.89462360464,261.554292473599
146,1.67575150300601,1.8785571142284598,2.6192384769539103,4.04809619238477,1752.94060138445,1740.50105692186
147,1.75571142284569,1.2090180360721399,2.66332665330661,6.5010020040080185,1635.9675339034698,738.403023551169
148,2.5591182364729503,1.8993987975951898,2.8276553106212403,7.6312625250501,1475.1579760362301,501.982758806043
149,2.7,1.44088176352705,1.36072144288577,5.65931863727455,1613.22525864471,772.349309386946
150,2.1935871743487,1.3783567134268502,2.5751503006012,8.44889779559118,1464.10885307698,438.218024257484
151,2.2278557114228503,1.13086172344689,2.60320641282565,6.72945891783567,1586.04921198359,654.813169129139
152,2.55531062124248,1.40701402805611,1.2124248496994,9.23046092184369,1225.64352251718,337.85985136040296
153,1.96513026052104,0.98496993987976,2.92785571142285,6.5250501002004,1643.95109718595,726.805419124406
154,1.6833667334669298,1.7925851703406799,1.51302605210421,8.809619238476948,1171.64700437882,324.040558061835
155,1.3673346693386799,1.31062124248497,1.34068136272545,6.29659318637275,1537.2835887921399,624.351336269182
156,2.2887775551102205,1.6701402805611203,1.7174348697394801,7.7755511022044095,1455.59798374113,490.967293624743
157,1.2987975951903798,1.7769539078156298,1.11623246492986,6.92184368737475,1207.14533346695,463.27383553028096
158,2.47154308617234,0.932865731462926,1.15230460921844,6.60921843687375,1357.3173747460698,517.0544495463939
159,1.4549098196392802,1.3939879759518998,1.6813627254508998,4.20440881763527,1688.9200706107902,1372.50166381455
160,0.879959919839679,1.90460921843687,1.73346693386774,4.80561122244489,1586.00794933809,958.581263266557
161,2.4486973947895803,1.3705410821643302,1.1843687374749499,4.60120240480962,1571.81790982233,1001.54645767816
162,1.21122244488978,0.807815631262525,2.6432865731462902,6.26052104208417,1673.1707246860801,782.3998648212449
163,2.52865731462926,0.9927855711422842,1.625250501002,6.16432865731463,1534.22681779104,645.9138503403119
164,2.60480961923848,1.16212424849699,2.2424849699398797,6.27254509018036,1504.7863037866598,652.326033846588
165,2.07174348697395,0.8963927855711421,1.34468937875752,7.4749498997996,1468.54824860986,469.068435821297
166,2.27735470941884,1.9436873747494998,1.96993987975952,4.33667334669339,1773.7228885449103,1445.6879558097698
167,1.13507014028056,1.8134268537074199,2.02204408817635,9.97595190380762,1602.5211993848902,379.55750602669406
168,2.66953907815631,1.9124248496993999,1.83366733466934,8.91783567134268,1410.06471782374,368.699150868709
169,1.78236472945892,1.6154308617234499,2.99599198396794,9.170340681362731,1610.65399248635,436.242051967147
170,2.63527054108216,1.30280561122245,1.90180360721443,9.18236472945892,1463.1376269798498,377.220529052661
171,2.35350701402806,1.5008016032064098,2.7635270541082204,9.60320641282565,1569.31606750457,433.804707881228
172,1.4434869739479,1.4278557114228503,2.79158316633267,9.675350701402811,1418.65770527424,327.101365016108
173,1.15791583166333,2.05050100200401,1.3006012024048101,9.25450901803607,1249.3946612864,325.024317006842
174,1.22645290581162,1.38356713426854,2.7675350701402794,4.27655310621243,1583.135633945,1358.30737209763
175,2.49438877755511,1.93587174348697,1.16833667334669,6.849699398797599,1374.2697504141001,495.307611517293
176,1.2226452905811598,1.1881763527054099,1.98597194388778,8.61723446893788,1589.5033304142999,466.326292149405
177,2.23547094188377,1.68577154308617,1.02004008016032,7.19839679358717,1125.70573258117,435.08235232108
178,1.1122244488978,0.8442885771543092,1.60120240480962,8.785571142284569,1311.09421214747,359.09477751817
179,2.57434869739479,1.04749498997996,1.20440881763527,9.12224448897796,1224.5749863566,342.786039968858
180,2.56673346693387,1.83947895791583,2.81963927855711,6.0561122244489,1614.76928095238,763.195512942547
181,2.24689378757515,1.10741482965932,2.09418837675351,7.07815631262525,1524.03218771617,583.458827527158
182,2.60100200400802,1.43046092184369,2.78356713426854,8.304609218436871,1432.89451627874,417.071232185776
183,1.73667334669339,1.80300601202405,2.43086172344689,5.35871743486974,1536.6377529146803,849.479766754297
184,2.39539078156313,1.55551102204409,2.6152304609218398,5.935871743486969,1662.2289166055402,837.127823679413
185,2.1250501002004,1.46172344689379,1.97795591182365,5.21442885771543,1786.4544813447699,1086.27903170817
186,1.1084168336673301,1.70400801603206,2.06212424849699,6.77755511022044,1586.75088894467,597.730526634393
187,0.8342685370741479,1.68056112224449,1.80561122244489,7.763527054108219,1433.27686510266,447.407163710662
188,1.3559118236472902,1.97755511022044,1.7575150300601203,4.613226452905809,1587.29652900164,1063.7176520948801
189,0.803807615230461,1.52945891783567,2.24649298597194,7.22244488977956,1344.1418927018199,515.531038438907
190,1.27214428857715,1.80821643286573,2.49098196392786,7.054108216432871,1380.21472802568,548.138873056205
191,1.5881763527054098,0.982364729458918,2.84769539078156,7.36673346693387,1493.8887830871201,546.255839825815
192,1.89659318637275,1.12565130260521,1.8096192384769498,7.73947895791583,1433.39168090786,448.920260928657
193,2.05270541082164,1.51122244488978,2.65931863727455,7.042084168336671,1550.9991279305,641.1559744967141
194,2.49058116232465,1.9957915831663302,2.2384769539078198,5.3827655310621205,1540.3528844460502,862.3979108300549
195,0.8571142284569141,1.45911823647295,1.45290581162325,8.46092184368737,1461.8174037050198,445.320076770272
196,1.99178356713427,1.53466933867735,1.20040080160321,6.1042084168336705,1483.7595210887803,635.607150046532
197,1.88517034068136,1.3340681362725502,1.5370741482965902,6.59719438877756,1376.42086537396,522.010063661099
198,0.986573146292585,1.28456913827655,2.28256513026052,7.91983967935872,1409.4108921849402,461.072544478517
199,2.21643286573146,1.7795591182364698,1.46492985971944,6.66933867735471,1616.80462408061,657.957170669731
200,1.63006012024048,1.99058116232465,1.2324649298597201,9.374749498998,1243.38807810059,337.390193532306
201,1.06653306613226,0.9797595190380759,2.17034068136273,4.312625250501,1456.8913777589098,1200.9309077517698
202,1.72144288577154,0.8312625250500999,1.65330661322645,7.33066132264529,1362.63442496175,504.934343286912
203,1.12745490981964,1.94889779559118,2.8877755511022003,4.85370741482966,1682.36765149208,1224.27649707726
204,1.97655310621242,1.7118236472945902,1.9458917835671299,4.55310621242485,1749.04834423315,1350.18874945223
205,2.61623246492986,1.8811623246492999,1.57314629258517,7.59519038076152,1342.4180639621002,426.285286944861
206,2.65430861723447,1.89418837675351,1.43687374749499,5.731462925851701,1731.02582263269,837.720412701166
207,2.6124248496993996,0.971943887775551,1.67334669338677,9.31462925851703,1386.15643425596,358.323296829217
208,1.69859719438878,1.3002004008016002,2.17434869739479,4.84168336673347,1480.4144168507598,1017.8366257730099
209,1.9575150300601203,1.4200400801603201,1.8176352705410799,7.70340681362726,1442.6365093415802,463.014638302042
210,0.9637274549098199,1.27414829659319,2.3466933867735498,9.5190380761523,1427.8802096768,366.870198888901
211,2.53627254509018,1.1334669338677401,2.374749498998,4.68537074148297,1473.90620598001,1031.4052286572999
212,2.4144288577154303,1.9801603206412801,1.5210420841683399,4.4689378757515,1481.8653656436802,1029.6882833572
213,2.6314629258517,1.6545090180360702,1.48897795591182,8.71342685370741,1136.7115747968598,320.258432123889
214,1.79759519038076,0.8208416833667339,2.4949899799599202,8.112224448897798,1406.4722854229801,434.236909255518
215,1.97274549098196,2.04529058116232,2.19038076152305,7.8717434869739495,1318.47949976156,424.56080579229797
216,1.39779559118236,1.6623246492986,2.89579158316633,7.13827655310621,1483.8001615482501,608.30848750067
217,2.08697394789579,1.86813627254509,2.3066132264529102,10.0,1426.8468076400302,324.006748590946
218,1.41302605210421,2.04008016032064,2.5070140280561097,4.86573146292585,1579.66878494667,1103.96575585614
219,1.4625250501001998,0.859919839679359,1.3246492985971898,4.92585170340681,1684.22657697086,934.0352290243691
220,1.58436873747495,1.5581162324649298,2.2625250501002,9.69939879759519,1355.51665930134,323.859082238989
221,1.10460921843687,0.958917835671343,1.5811623246493,4.26452905811623,1584.22507395362,1199.13421353936
222,2.3420841683366698,2.07915831663327,2.5350701402805598,8.01603206412826,1429.7260703357401,460.327241123903
223,2.01462925851703,0.940681362725451,2.3186372745491,9.48296593186373,1454.4901696088,358.805256800551
224,1.5310621242484999,2.09478957915832,1.5771543086172302,5.67134268537074,1513.1302279341699,721.02651398852
225,1.57675350701403,1.2975951903807599,2.2785571142284597,6.17635270541082,1549.91095210292,705.9253936961909
226,1.50060120240481,2.06092184368738,2.56312625250501,8.977955911823651,1437.0395217000598,390.929163073923
227,2.3991983967935897,1.62845691382766,2.08216432865731,4.19238476953908,1775.01632590274,1468.84313819818
228,1.3482965931863702,2.0635270541082202,1.30460921843687,6.8136272545090195,1423.3186904261402,520.630649014367
229,2.15931863727455,1.90721442885772,2.91182364729459,8.28056112224449,1542.27936971135,482.581615187036
230,1.24168336673347,1.42264529058116,2.02605210420842,5.250501002004009,1847.2921502538502,1131.19236623187
231,1.6452905811623202,1.0891783567134299,1.4088176352705402,6.98196392785571,1490.27303740875,566.2583771510331
232,2.5629258517034104,1.2220440881763501,1.60521042084168,4.673346693386769,1589.5956782943,1049.51524721783
233,1.12364729458918,1.03967935871744,1.1122244488978,4.56513026052104,1466.7732658116101,930.55193308539
234,2.29258517034068,2.05571142284569,1.62925851703407,7.0060120240481,1383.9936622644102,527.988922394694
235,1.16172344689379,1.01362725450902,1.38076152304609,9.90380761523046,1382.5892481338299,317.584140205889
236,1.74428857715431,1.5450901803607198,1.29659318637275,4.1442885771543105,1608.35919920841,1250.91761220938
237,0.948496993987976,1.9515030060120202,1.2645290581162298,6.28456913827655,1447.33039930953,572.752216543412
238,1.8889779559118198,1.0865731462925898,2.9759519038076205,5.03406813627254,1762.3927975285699,1247.5014271612401
239,2.54769539078156,1.7352705410821598,2.87575150300601,9.01402805611222,1495.0705672898998,398.938492325457
240,2.18597194388778,0.9641282565130259,1.40080160320641,9.759519038076151,1385.9498221589001,335.436393970228
241,1.18837675350701,1.4955911823647299,1.92184368737475,7.9438877755511,1513.7830451189402,495.553787431961
242,2.20501002004008,1.1517034068136298,1.44889779559118,5.466933867735469,1752.17965560451,914.5635334485181
243,1.7404809619238502,1.93066132264529,2.9078156312625296,8.95390781563126,1519.6530333627302,418.57919358355105
244,0.9142284569138279,1.0240480961923801,2.7875751503006,6.140280561122251,1599.3536782972599,714.702804198315
245,2.4030060120240497,1.06833667334669,2.9639278557114204,5.7915831663326705,1737.08423121049,946.244766701901
246,1.56533066132265,1.0917835671342702,1.88577154308617,6.80160320641283,1575.88789707347,599.74606190638
247,1.3787575150300602,0.8937875751503008,2.38276553106212,5.1302605210420795,1506.24504408421,883.666568388746
248,1.8547094188376798,0.997995991983968,1.82965931863727,9.891783567134269,1378.58611664533,308.97270658472803
249,2.4791583166332702,1.3184368737475,1.1042084168336699,7.85971943887776,1165.6731614592,374.11504842170604
250,1.51583166332665,0.9094188376753509,2.15831663326653,7.787575150300599,1591.7399502081,526.144777180787
251,2.3915831663326697,1.28977955911824,2.01002004008016,4.1563126252505,1870.7578128408602,1732.04407768787
252,1.85090180360721,1.44869739478958,2.55110220440882,5.611222444889781,1626.1752400725197,875.8594925045089
253,1.4472945891783602,0.8833667334669341,2.83166332665331,8.72545090180361,1452.90727740956,405.349806529057
254,1.62625250501002,1.95931863727455,1.14028056112224,7.93186372745491,1216.18291241974,384.41991777258204
255,1.04749498997996,1.96192384769539,1.18036072144289,7.84769539078156,1274.33338532872,409.25057032674795
256,1.02084168336673,1.24028056112224,1.72545090180361,5.94789579158317,1670.44372172121,773.062772606108
257,1.4701402805611201,1.62324649298597,2.27454909819639,6.236472945891781,1545.59561566537,686.3531376340139
258,1.28356713426854,1.7613226452905801,2.2985971943887797,5.022044088176349,1598.4512139033402,1066.10302239866
259,2.0374749498998,1.39138276553106,1.00801603206413,7.41482965931864,1225.12634867889,401.127663109765
260,1.98416833667335,1.32885771543086,2.29458917835671,7.3426853707414805,1385.93153848573,531.160066437542
261,2.27354709418838,0.951102204408818,2.81563126252505,9.3627254509018,1446.30322644784,355.35633906524595
262,1.33306613226453,2.07655310621243,2.3547094188376803,7.58316633266533,1478.1732174885801,537.46740233455
263,2.45250501002004,1.87334669338677,2.4348697394789602,4.22845691382766,1595.4796658411801,1331.5402600647099
264,1.6110220440881802,1.4877755511022,1.9498997995991998,6.8376753507014,1636.7877098122199,649.057857299892
265,2.46392785571142,2.04789579158317,2.0741482965931897,7.69138276553106,1524.56830453739,489.65925315860494
266,1.89278557114228,1.57895791583166,1.90981963927856,8.88176352705411,1474.38392056898,402.112571068079
267,2.6771543086172302,1.8837675350701397,2.42284569138277,8.38877755511022,1372.59594037216,383.678303769914
268,1.43587174348697,1.1230460921843701,1.8657314629258501,4.51703406813627,1702.75128499084,1238.56147000297
269,2.34589178356713,0.810420841683367,1.3567134268537098,8.677354709418841,1364.9336255775802,377.27307804068704
270,1.75190380761523,1.73266533066132,2.6072144288577204,6.62124248496994,1592.60570094794,676.328648293788
271,1.9194388777555098,0.9302605210420841,1.1242484969939899,8.905811623246489,1130.61188518516,320.90041253712
272,1.1388777555110199,1.5815631262525,2.45891783567134,9.8436873747495,1401.60506021479,299.547846049742
273,1.25691382765531,1.87074148296593,2.9158316633266494,9.2064128256513,1527.2990648233401,402.560423247293
274,1.02845691382766,0.8521042084168342,2.03807615230461,6.42885771543086,1589.42365142654,644.614693221195
275,2.6428857715430896,1.6024048096192398,1.2565130260521,7.27054108216433,1278.8877011449001,441.19944806085
276,2.6809619238477,1.73006012024048,2.4188376753507,5.370741482965929,1526.76404491819,836.126217676891
277,2.58577154308617,0.9615230460921851,1.40480961923848,7.71543086172345,1520.7737504449801,480.58254966908305
278,2.22024048096192,1.3496993987976,2.33466933867735,6.02004008016032,1604.3910038832998,799.87836074099
279,1.67955911823647,1.5711422845691398,2.95991983967936,6.04408817635271,1726.21661760198,867.3135468996601
280,0.872344689378758,1.02144288577154,1.79759519038076,7.9679358717434905,1390.8808595508801,427.548212633798
281,2.4106212424849702,0.9016032064128259,2.8396793587174303,7.1863727454909805,1435.6444104985098,566.92685180403
282,1.5501002004008002,1.09699398797595,1.39679358717435,4.06012024048096,1761.9644774395301,1473.29531874057
283,1.68717434869739,1.87595190380762,1.51703406813627,7.01803607214429,1276.72172584095,458.99115674040297
284,1.20360721442886,1.13867735470942,1.5611222444889798,7.1623246492986,1283.6779447423,469.527382425606
285,2.3839679358717403,1.6935871743487,2.05811623246493,5.767535070140281,1684.80902099299,813.531525472199
286,2.29639278557114,0.802605210420842,2.4629258517034103,8.581162324649299,1404.15067191108,382.455581520479
287,1.01322645290581,1.2533066132264499,2.79959919839679,9.26653306613226,1421.8394619129501,356.24731875714104
288,1.24929859719439,1.79779559118236,1.6172344689378797,6.957915831663329,1385.24584760866,525.472722157575
289,1.93466933867735,1.18036072144289,1.80160320641283,4.90180360721443,1646.68129491162,1006.77244845836
290,2.18977955911824,1.53206412825651,2.98396793587174,8.23246492985972,1592.14364055855,520.2120311544629
291,1.6376753507014001,1.8551102204408798,2.47895791583166,7.8957915831663295,1414.89005571595,445.048683521639
292,2.2583166332665296,2.0374749498998,2.7955911823647304,6.681362725450901,1545.3743753906501,613.6251803856051
293,1.1921843687374698,1.4773547094188402,1.4248496993988002,7.4989979959919815,1539.43781916962,520.108215306295
294,1.43967935871743,1.6466933867735498,2.7194388777555094,8.52104208416834,1602.3556252141102,502.06572273198
295,2.15170340681363,1.70140280561122,1.5891783567134299,9.07414829659319,1274.43791332414,333.23218433347597
296,1.50821643286573,1.54769539078156,1.0641282565130301,5.9118236472945895,1329.1118483948599,563.1839595730901
297,1.01703406813627,0.8703406813627259,1.3366733466933898,5.53907815631263,1605.05343202215,777.8789350225079
298,1.71382765531062,1.73787575150301,1.01202404809619,4.93787575150301,1452.60848094861,802.5794302636259
299,1.2797595190380802,1.07354709418838,2.45490981963928,8.49699398797595,1405.6656132474802,384.703975298843
300,2.25070140280561,1.75090180360721,1.6212424849699398,5.3226452905811605,1585.4077204162302,836.596890197157
301,1.9422845691382802,1.6102204408817602,2.22645290581162,6.1883767535070096,1505.83025308991,662.340478082938
302,2.59719438877756,1.5164328657314599,1.7855711422845701,4.97394789579158,1638.57022820707,965.844359985662
303,2.63907815631263,1.21943887775551,1.32865731462926,6.78957915831663,1453.99056163456,528.5819373765099
304,2.6200400801603196,1.28196392785571,2.6673346693386804,5.6953907815631295,1720.94622594379,949.409780448296
305,1.8432865731462902,2.0895791583166297,1.5531062124248503,8.13627254509018,1253.8820939759698,376.895758137451
306,2.15551102204409,1.22464929859719,2.10220440881764,8.68937875751503,1546.29430715571,417.805215470759
307,2.03366733466934,1.40180360721443,2.8597194388777596,4.625250501002,1640.7889387825699,1293.20896653035
308,2.10220440881764,1.0292585170340698,2.2665330661322596,5.82765531062124,1560.5764593340698,767.488194814886
309,1.8813627254509,1.6831663326653301,1.04008016032064,8.60521042084168,1118.60322474407,337.217156066152
310,2.3116232464929904,1.02665330661323,1.03206412825651,7.97995991983968,1139.9018872568,376.66858969526
311,1.40541082164329,1.07094188376754,1.05210420841683,5.743486973947901,1334.37084623481,584.012378327928
312,2.68476953907816,1.14128256513026,2.67935871743487,7.150300601202401,1505.54895575895,647.052636072471
313,1.96132264529058,1.9827655310621202,1.24448897795591,4.661322645290579,1658.5763541587698,1063.53587205351
314,0.88376753507014,1.69879759519038,2.73947895791583,5.142284569138281,1795.66493865779,1260.45675974213
315,0.8,1.0787575150300601,1.47294589178357,8.98997995991984,1216.39439729731,351.110237401902
316,1.86993987975952,2.08697394789579,2.61122244488978,5.635270541082161,1664.61720896005,921.162228653015
317,2.3877755511022003,1.15951903807615,2.93587174348697,8.100200400801599,1563.91008287513,513.148764921568
318,1.23406813627255,0.833867735470942,1.69739478957916,7.318637274549099,1404.7270936903901,525.622671966334
319,1.1959919839679398,1.50861723446894,1.70941883767535,6.44088176352705,1536.65770383866,658.425282868172
320,2.0184368737475,1.32625250501002,1.09619238476954,4.9859719438877805,1492.8854635454902,791.482846994561
321,1.7671342685370701,1.74308617234469,1.06813627254509,6.89779559118236,1234.89003370756,433.402717890939
322,1.78997995991984,1.78997995991984,2.23046092184369,8.92985971943888,1324.97644705612,358.33959030882204
323,2.16693386773547,1.4434869739479,1.87374749498998,9.81963927855711,1406.5827675652201,328.13569744012904
324,1.8166332665330702,1.14909819639279,1.30861723446894,9.795591182364731,1239.79862762075,297.870341769083
325,0.9180360721442891,1.58416833667335,1.96593186372745,4.58917835671343,1773.45221479183,1305.20413507505
326,2.14789579158317,1.61803607214429,1.1563126252505,4.73346693386774,1557.1262157702301,916.802176656803
327,2.0298597194388797,1.9853707414829702,2.35871743486974,4.54108216432866,1597.63982559639,1360.40038585852
328,0.8152304609218441,1.1569138276553101,1.39278557114228,5.05811623246493,1759.76638536564,988.4676681272721
329,1.34068136272545,1.24549098196393,2.6392785571142303,7.523046092184369,1519.71591740836,566.117606713654
330,2.46773547094188,1.77434869739479,2.8557114228456895,4.721442885771539,1650.22109310327,1251.6956963631599
331,1.42064128256513,1.7092184368737502,1.8897795591182398,9.08617234468938,1451.8708959763198,383.11114168146
332,2.11743486973948,1.57635270541082,2.29058116232465,9.49498997995992,1408.70267773875,347.37364279341205
333,2.67334669338677,1.49819639278557,1.7414829659318602,7.643286573146289,1367.23456560135,428.30816217005895
334,1.05511022044088,0.943286573146293,1.12825651302605,8.74949899799599,1136.89247448952,331.003233142647
335,1.07795591182365,2.01142284569138,1.7374749498998001,6.0320641282565095,1530.00651241021,646.869925831941
336,1.91563126252505,1.59458917835671,1.4168336673346698,7.48697394789579,1529.31153027275,510.325010264948
337,2.30781563126253,1.40961923847695,1.65731462925852,8.557114228456909,1360.31554136649,394.431772044996
338,2.51342685370742,1.72745490981964,2.4108216432865697,9.567134268537071,1353.49741256083,304.75415265891104
339,1.3254509018036102,1.3809619238477,2.45090180360721,8.79759519038076,1383.16285495241,359.79033509479103
340,2.1288577154308603,0.8364729458917841,2.48296593186373,6.969939879759519,1430.48311275258,550.950309339972
341,1.1693386773547099,1.8629258517034097,1.9739478957915801,8.04008016032064,1586.20740656103,516.908351937352
342,1.00561122244489,2.02965931863727,2.70340681362725,7.21042084168337,1529.9965147756,651.59382515704
343,1.92324649298597,0.919839679358717,1.58517034068136,8.62925851703407,1285.18743711851,355.505118280894
344,1.21503006012024,1.5503006012024,2.97995991983968,5.34669338677355,1749.28794563168,1101.74737928038
345,2.23927855711423,0.839078156312625,1.8817635270541102,9.290581162324651,1447.0275012636903,366.40157544748496
346,2.06412825651303,1.67795591182365,2.85170340681363,5.515030060120241,1649.16849731127,929.015776261433
347,1.00180360721443,1.26112224448898,1.8216432865731498,4.420841683366731,1629.86429489436,1217.00938899445
348,2.4258517034068103,1.22725450901804,2.80761523046092,4.360721442885771,1604.0151504549801,1363.12139303587
349,0.8190380761523051,1.49038076152305,1.95390781563126,6.0080160320641305,1744.0255082271601,839.486738838448
350,2.58196392785571,1.4122244488978002,2.22244488977956,5.19038076152305,1547.7595401778,927.8437519262391
351,2.5324649298597204,0.9250501002004009,2.34268537074148,7.39078156312625,1459.71927463234,552.2935850312471
352,1.2683366733466899,1.18557114228457,1.4689378757515001,5.1062124248497005,1824.7531585008899,1081.99554267089
353,0.9294589178356708,1.9879759519038103,1.64128256513026,7.51102204408818,1387.3236700642199,470.920612673927
354,1.1807615230460902,1.4330661322645302,2.9478957915831696,8.02805611222445,1557.00478712596,523.5949916398359
355,1.7595190380761498,0.912024048096193,1.78156312625251,4.38476953907816,1605.1327394406399,1178.64255946104
356,0.8761523046092181,1.27154308617234,2.23446893787575,5.15430861723447,1560.10377373293,951.595181931571
357,1.59579158316633,1.91503006012024,2.91983967935872,5.11823647294589,1732.6101884816198,1155.53587192987
358,2.35731462925852,1.69098196392786,1.1322645290581201,9.507014028056108,1116.77891875968,292.48204783481003
359,1.2759519038076201,1.25851703406814,2.28657314629258,4.25250501002004,1631.43073100286,1418.8683247345498
360,1.80521042084168,1.7248496993988,1.4448897795591202,5.418837675350701,1757.9646169748999,927.1548271511999
361,1.42825651302605,1.1777555110220401,2.95190380761523,8.70140280561122,1605.0307785190198,466.68437397012804
362,1.9118236472945902,1.75871743486974,1.2885771543086202,9.92785571142285,1255.22584036482,287.9158519664
363,1.90801603206413,1.6414829659318602,2.18637274549098,7.57114228456914,1324.09268962055,452.134319875904
364,1.59198396793587,1.33927855711423,3.0,7.11422845691383,1549.2990142839801,675.613817663552
365,2.3382765531062097,1.6519038076152301,2.3306613226452897,6.945891783567129,1457.94554414236,605.604948806234
366,1.7709418837675401,1.25591182364729,1.07214428857715,6.15230460921844,1309.11907743265,530.9675883362789
367,1.17695390781563,1.0813627254509,2.0501002004008,7.28256513026052,1474.12049588474,524.208710931689
368,2.5933867735470897,1.19859719438878,2.4068136272545098,8.47294589178357,1351.44460485946,374.44925772484197
369,1.5729458917835701,1.58937875751503,1.4809619238477,6.53707414829659,1313.50843656913,488.17632231923596
370,1.18456913827655,1.5398797595190399,2.4709418837675403,7.55911823647295,1423.5280032448402,472.01676323519206
371,1.95370741482966,1.63627254509018,1.76152304609218,6.3687374749499,1509.93983217293,589.422501619655
372,2.38016032064128,1.2350701402805602,1.53306613226453,9.71142284569138,1191.46393788039,283.588387852918
373,0.940881763527054,1.63887775551102,1.7494989979959898,9.326653306613231,1328.4681631938902,313.57543142366296
374,1.7290581162324599,1.09959919839679,2.50300601202405,5.2865731462925805,1575.8336364885001,936.491080110555
375,1.8318637274549099,0.945891783567134,2.7795591182364703,9.410821643286571,1413.32104072168,337.20429028866903
376,2.6961923847695397,1.52424849699399,2.31062124248497,8.328657314629261,1431.00636502004,439.712903948078
377,1.08176352705411,0.878156312625251,2.74749498997996,4.81763527054108,1765.86523542905,1441.0311407478302
378,1.30260521042084,1.0553106212424799,2.72745490981964,9.86773547094188,1582.66299240421,397.493884725737
379,1.26072144288577,1.7144288577154299,2.6913827655310603,4.21643286573146,1796.9044457470602,1721.48854527805
380,1.31022044088176,0.9745490981963929,1.64929859719439,5.983967935871741,1569.0775468704098,707.0032096934219
381,2.5438877755511,0.927655310621243,2.54709418837675,5.95991983967936,1614.91242915095,774.698179862243
382,1.0398797595190399,2.01923847695391,2.5551102204408798,5.8156312625250495,1633.98303300456,818.532642005529
383,1.2378757515030099,1.89679358717435,1.0,5.43086172344689,1355.56994729274,669.466730257319
384,1.31783567134269,1.11523046092184,1.07615230460922,7.46292585170341,1209.76089631755,386.435568529888
385,0.9523046092184371,1.2689378757515,2.5230460921843703,6.63326653306613,1530.7871277037802,622.617389410664
386,1.7937875751503,1.34709418837675,1.0240480961923801,8.85771543086172,1073.5653766493301,323.857927882986
387,0.8228456913827659,1.8915831663326699,2.15430861723447,9.038076152304608,1586.78635281539,411.270112721766
388,1.35210420841683,1.7535070140280602,2.68336673346693,5.75551102204409,1732.73528913612,954.5699209328909
389,1.82424849699399,0.906813627254509,1.17234468937876,6.212424849699401,1434.21161940906,591.856242540799
390,1.08937875751503,1.8603206412825701,2.96793587174349,6.344689378757519,1689.3914198546697,802.033265777504
391,1.56152304609218,1.30541082164329,2.87975951903808,5.238476953907821,1684.1947175465198,1051.7975876688001
392,1.6186372745491,1.8368737474949899,1.8496993987976,5.8517034068136295,1662.2847275793802,770.742906899928
393,0.9751503006012021,1.52685370741483,2.42685370741483,4.44488977955912,1506.8773498922799,1190.04906610083
394,2.68857715430862,1.03186372745491,1.8777555110220399,7.294589178356709,1464.2211944949802,540.261391991895
395,1.725250501002,1.10220440881764,2.13827655310621,8.77354709418838,1601.5894463082097,423.737825724478
396,1.71763527054108,1.2923847695390802,2.59919839679359,4.12024048096192,1737.64024065517,1658.88760180463
397,1.17314629258517,2.08436873747495,2.1503006012024,8.96593186372746,1595.9611377642498,417.142387410885
398,1.64909819639279,1.16472945891784,1.37675350701403,8.41282565130261,1398.7900840280402,409.635038004626
399,1.90420841683367,1.46953907815631,2.65531062124249,9.783567134268539,1546.4742662578699,372.44713026689203
400,0.8951903807615229,1.83166332665331,2.36673346693387,7.82364729458918,1485.32998168363,518.39001465204
401,1.5805611222444902,1.36533066132265,1.9258517034068101,8.821643286573151,1508.9672903024402,417.478271715414
402,2.3611222444889797,1.67535070140281,2.5711422845691403,8.20841683366733,1464.74553776002,461.07425957903
403,1.3368737474949899,1.8160320641282601,1.4328657314629298,5.647294589178361,1728.5687376498402,858.422182453255
404,2.22404809619238,1.81082164328657,2.16633266533066,8.53306613226453,1285.80454062321,361.13240676448197
405,1.6643286573146299,0.84689378757515,2.75551102204409,4.87775551102204,1775.82469218852,1425.3776710190302
406,1.5120240480961897,1.3210420841683401,1.66933867735471,7.61923847695391,1427.8714058613,475.52266823180804
407,2.3306613226452897,0.841683366733467,1.76553106212425,7.40280561122244,1424.29292958083,475.053449286435
408,1.52725450901804,1.3314629258517001,1.14428857715431,4.78156312625251,1550.8462714842801,893.294956834967
409,2.4753507014028098,0.9224448897795591,2.7434869739479,4.64929859719439,1750.3907961656303,1521.94259988133
410,2.31543086172345,2.08176352705411,1.28456913827655,5.70741482965932,1529.5664350788502,693.645522420811
411,2.3496993987976,2.0687374749499,1.7935871743487,5.587174348697389,1605.2561395447303,785.623597027577
412,1.5044088176352701,1.9280561122244497,1.2925851703406799,4.40881763527054,1577.5083552936999,1087.52238788996
413,0.8456913827655309,1.39659318637275,1.37274549098196,6.476953907815631,1511.0847704345401,615.625279098214
414,2.57054108216433,1.6440881763527098,1.66533066132265,6.38076152304609,1545.56229937888,628.806336050849
415,2.00320641282565,0.8911823647294591,1.3687374749499,4.69739478957916,1704.98111242382,1077.4333762789802
416,1.9879759519038103,1.21162324649299,1.41282565130261,4.10821643286573,1782.87933089275,1477.55502795073
417,0.902805611222445,1.32364729458918,1.77354709418838,7.37875751503006,1423.08402178928,484.183355490078
418,1.3749498997996001,0.8625250501001999,1.2525050100200399,6.58517034068136,1379.34166151875,504.49565700262497
419,1.87374749498998,1.41743486973948,1.89779559118236,4.0,1758.52327313823,1606.79230715237
420,1.05130260521042,1.62585170340681,1.1963927855711398,5.9719438877755495,1487.51028185252,655.626057856387
421,1.60340681362725,1.77174348697395,2.62725450901804,9.735470941883769,1506.1044384070901,363.27895774717
422,2.1136272545090202,1.7821643286573101,2.75951903807615,9.61523046092184,1567.85175631059,431.18487088818705
423,1.53486973947896,1.9410821643286598,2.19438877755511,9.771543086172349,1296.62390968008,296.79233974236803
424,2.43346693386774,1.4721442885771499,2.98797595190381,5.2264529058116205,1762.57198016595,1166.83900858352
425,1.5424849699398797,0.8885771543086172,2.40280561122244,9.35070140280561,1346.19150418985,315.12407027861303
426,2.4448897795591202,1.3575150300601202,2.43887775551102,7.25851703406814,1357.64617850653,499.727369226694
427,1.69478957915832,1.40440881763527,2.80360721442886,8.35270541082164,1460.21545151166,427.932919024969
428,2.32304609218437,1.12044088176353,2.00200400801603,9.855711422845689,1592.1955103744,377.113918220025
429,1.3711422845691397,0.904208416833667,1.93787575150301,9.470941883767539,1506.96124419362,375.23245264757895
430,0.807615230460922,1.0448897795591199,2.32665330661323,8.59318637274549,1442.85938871142,426.51458333555297
431,1.90040080160321,1.8264529058116201,1.8136272545090202,7.95591182364729,1415.5098533152698,432.978354984749
432,0.978957915831663,0.938076152304609,2.77154308617234,8.86973947895792,1408.2082737833898,373.154493367511
433,0.9713426853707421,1.5867735470941897,2.2064128256513,8.76152304609218,1313.34922122476,362.14345359531404
434,2.4068136272545098,2.0531062124248503,2.69539078156313,5.1663326653306605,1752.52151101952,1201.2504214178
435,2.26212424849699,1.5060120240481,2.14629258517034,8.184368737474951,1572.87659291107,480.73185449023697
436,2.69238476953908,1.5190380761523,2.17835671342685,6.54909819639279,1408.6382996628101,572.31563346392
437,1.2074148296593201,1.16733466933868,1.4929859719438898,8.54509018036072,1164.8310497114599,318.741401838225
438,1.9498997995991998,0.828657314629259,2.03006012024048,6.6573146292585195,1572.47398513699,598.261281273123
439,2.23166332665331,1.46432865731463,1.59318637274549,4.28857715430862,1555.76181514271,1164.79117407532
440,2.51723446893788,1.2793587174348702,2.01402805611222,7.79959919839679,1616.1675182430702,561.05899084594
441,2.24308617234469,1.5424849699398797,1.23647294589178,8.36472945891784,1306.6813657863302,396.50000612938
442,1.23026052104208,1.7196392785571102,1.86172344689379,5.45490981963928,1682.9477703360199,884.330772921376
443,2.42965931863727,1.99839679358717,2.71142284569138,9.33867735470942,1553.60534806441,425.670930495552
444,2.3687374749498997,0.865130260521042,2.25450901803607,4.74549098196393,1541.2561228443399,1114.40552873804
445,1.5196392785571102,1.2949899799599198,1.77755511022044,5.80360721442886,1586.05302979038,720.519726851339
446,1.3863727454909798,1.52164328657315,1.49699398797595,5.2625250501002006,1476.5387085186098,727.151647493699
447,1.82044088176353,1.05270541082164,2.3026052104208397,7.09018036072144,1389.3171052412602,570.400561720876
448,2.09839679358717,1.8498997995992,2.5190380761523,7.426853707414829,1435.5766696311903,514.880149402988
449,1.6719438877755501,1.2012024048096202,2.5831663326653302,9.54308617234469,1472.72272577538,358.415465951631
450,1.14268537074148,1.9254509018036101,2.52705410821643,9.95190380761523,1402.93164426413,318.544374755931
451,2.30400801603206,1.45390781563126,1.42084168336673,7.0661322645290605,1472.4156441973498,572.336178714816
452,1.5577154308617198,0.8859719438877759,1.44088176352705,9.39879759519038,1417.2734221343399,379.91761070704104
453,1.39018036072144,1.17254509018036,2.2184368737474904,9.80761523046092,1314.0638771041001,306.011281089427
454,0.849498997995992,0.987575150300601,1.6132264529058102,6.561122244488981,1445.69538971333,577.4046928867209
455,2.48677354709419,0.8729458917835671,1.4769539078156297,4.91382765531062,1503.46627820672,825.468240138953
456,0.9675350701402808,1.03707414829659,1.9058116232464901,9.5310621242485,1461.06348629775,357.150053003116
457,0.9446893787575149,1.92024048096192,2.4749498997996002,4.49298597194389,1541.64828700919,1213.92851491589
458,0.891382765531062,0.977154308617235,1.84168336673347,5.202404809619241,1687.57197432743,932.9672176444769
459,2.212625250501,2.1,2.2505010020040097,6.464929859719441,1477.53004057066,618.751089945056
460,1.0741482965931899,1.5685370741483,2.89178356713427,9.30260521042084,1521.54395811216,384.096647319115
461,2.26593186372746,1.4382765531062098,1.5490981963927901,5.719438877755509,1488.674083725,697.2323827846691
462,0.92184368737475,0.953707414829659,2.37074148296593,5.551102204408821,1487.5722395821601,751.425010421714
463,1.4929859719438898,1.59719438877756,2.21042084168337,8.17234468937876,1341.85735043724,411.028828763541
464,2.62765531062124,1.10480961923848,1.22444889779559,5.44288577154309,1594.9982004812698,801.977304159539
465,1.40160320641283,1.56593186372746,2.09819639278557,4.0841683366733506,1799.32691988387,1585.95928375185
466,2.10981963927856,1.66753507014028,2.69939879759519,4.024048096192391,1824.2330962688602,1923.88633296643
467,1.03226452905812,1.31583166332665,1.60921843687375,9.74749498997996,1286.5380734015598,304.72281531634604
468,2.0488977955911802,1.93326653306613,2.8436873747495,4.70941883767535,1632.44192569577,1252.6414786348
469,0.937074148296593,1.1360721442885802,2.5951903807615198,4.43286573146293,1620.6660736984602,1417.05816497772
470,2.1440881763527098,1.3757515030060101,2.39078156312625,4.4809619238477,1481.01933943163,1134.96642248713
471,2.13266533066132,1.1438877755511,1.22845691382766,6.71743486973948,1436.34901508797,553.65223326954
472,2.4563126252505003,1.6597194388777599,1.1643286573146299,5.863727454909821,1458.5880726225,654.2596562344361
473,1.69098196392786,1.0188376753507,2.04208416833667,5.5751503006012,1669.0419586989701,844.316270910455
474,1.66052104208417,1.6076152304609201,2.8236472945891804,4.6372745490982,1621.08792893661,1253.8747790007199
475,0.997995991983968,1.112625250501,1.17635270541082,6.32064128256513,1421.3093495614098,571.742948002665
476,1.65290581162325,1.96713426853707,1.16032064128257,5.899799599198401,1448.21319038608,640.806038580748
477,2.02605210420842,1.9020040080160299,2.04609218436874,5.623246492985969,1682.2910552378698,830.9290878497529
478,2.12124248496994,0.854709418837675,2.687374749499,5.52705410821643,1736.95297657332,1025.74247874514
479,2.64669338677355,1.3080160320641299,1.7895791583166298,6.2244488977955905,1560.06537790362,640.2196299507799
480,1.03607214428858,1.55290581162325,2.39478957915832,5.8877755511022105,1496.3638370920098,683.832193049125
481,1.0436873747495,1.6050100200400799,1.0561122244489,8.22044088176353,1093.2421256634698,327.923214034082
482,1.1503006012024,1.25070140280561,2.97194388777555,6.573146292585171,1662.76785910493,750.724825850642
483,1.4244488977955903,1.31322645290581,1.2685370741483,9.72344689378757,1193.58552035003,285.14420513836103
484,2.20881763527054,1.00320641282565,1.02805611222445,5.47895791583166,1397.44157066504,691.3295038494031
485,1.6567134268537098,1.5607214428857699,1.9579158316633303,5.33466933867735,1775.48683859935,1035.83773849651
486,1.54629258517034,1.63366733466934,1.70541082164329,7.83567134268537,1423.7877746413,481.539479160208
487,2.50200400801603,0.990180360721443,2.3987975951903797,9.627254509018039,1341.6376611641,299.725096255153
488,1.76332665330661,1.9697394789579197,2.31462925851703,6.64529058116232,1511.99941723787,632.672118603433
489,2.54008016032064,0.966733466933868,2.07815631262525,8.56913827655311,1514.15786256133,413.687544754411
490,1.46633266533066,2.02184368737475,2.7154308617234504,6.40480961923848,1705.7033814102801,805.767388842791
491,1.8280561122244499,1.79519038076152,1.82565130260521,9.915831663326651,1362.55164576433,307.69235143046797
492,2.5058116232464904,1.8212424849699398,1.12024048096192,8.24448897795591,1170.07602670515,354.95360119622705
493,1.55390781563126,1.80040080160321,2.03406813627255,7.174348697394789,1454.75655518892,532.055361585632
494,1.87755511022044,0.81563126252505,2.27054108216433,4.9498997995992005,1563.2740349212302,1056.2238738093301
495,0.9941883767535071,0.898997995991984,1.2765531062124198,7.45090180360721,1372.71374546209,427.05856028727004
496,2.06793587174349,1.09438877755511,2.19839679358717,4.39679358717435,1485.7444235549801,1201.4227590558
497,1.84709418837675,1.28717434869739,2.1342685370741497,9.93987975951904,1573.95514742415,344.570373622283
498,1.45871743486974,1.05791583166333,1.04408817635271,9.11022044088176,1090.43783254024,314.558217870061
499,0.8114228456913829,1.14649298597194,2.1062124248497,6.51302605210421,1646.37640355067,671.6200772149231
